	CID	CVCL_0110	CVCL_1045	CVCL_1798	CVCL_0126	CVCL_1048	CVCL_0079	CVCL_1050	CVCL_1051	CVCL_1053	CVCL_1054	CVCL_1052	CVCL_0131	CVCL_1058	CVCL_1059	CVCL_1060	CVCL_0134	CVCL_0132	CVCL_0023	CVCL_0080	CVCL_1067	CVCL_1805	CVCL_1806	CVCL_0028	CVCL_0152	CVCL_1074	CVCL_2862	CVCL_0153	CVCL_4613	CVCL_1084	BGC823_STOMACH	CVCL_1087	CVCL_1088	CVCL_0178	CVCL_0179	CVCL_1092	CVCL_0186	CVCL_1096	CVCL_1097	CVCL_1098	CVCL_0235	CVCL_1105	CVCL_1107	CVCL_1809	CVCL_1114	CVCL_0608	CVCL_0609	CVCL_0236	CVCL_1115	CVCL_0026	CVCL_1117	CVCL_2873	CVCL_1122	CVCL_1125	CVCL_1861	CVCL_2804	CVCL_1987	CVCL_0218	CVCL_1989	CVCL_1862	CVCL_1129	CVCL_1130	CVCL_1992	CVCL_1133	CVCL_1138	CVCL_1139	CVCL_2419	CVCL_2424	CVCL_1167	CVCL_1169	CVCL_1170	CVCL_1171	CVCL_1173	CVCL_1174	CVCL_1179	CVCL_6774	CVCL_0105	CVCL_1184	CVCL_2027	CVCL_1186	CVCL_2891	CVCL_1191	CVCL_0253	CVCL_0029	CVCL_1192	CVCL_1196	CVCL_2034	CVCL_3509	CVCL_1205	CVCL_2037	CVCL_1218	CVCL_2908	CVCL_2047	CVCL_1220	CVCL_0270	CVCL_1221	CVCL_1226	CVCL_1227	CVCL_1228	CVCL_1229	CVCL_1231	GLC82_LUNG	CVCL_1233	CVCL_1818	CVCL_1239	CVCL_2914	CVCL_1247	CVCL_1249	CVCL_1255	CVCL_2057	CVCL_1258	CVCL_1259	CVCL_1265	CVCL_1269	CVCL_2060	CVCL_2917	CVCL_1270	CVCL_2061	CVCL_2063	CVCL_0291	CVCL_0292	CVCL_1273	CVCL_2067	CVCL_2925	CVCL_0293	CVCL_0294	CVCL_2927	CVCL_2928	CVCL_2930	CVCL_2931	CVCL_2481	CVCL_0326	CVCL_0027	CVCL_8878	CVCL_1279	CVCL_1280	CVCL_1281	CVCL_2947	CVCL_2949	CVCL_3317	CVCL_0312	CVCL_3517	CVCL_0313	CVCL_0698	CVCL_0331	CVCL_0332	CVCL_0844	CVCL_0851	CVCL_0871	CVCL_0882	CVCL_0333	CVCL_0334	CVCL_0942	CVCL_0950	CVCL_0993	CVCL_1033	CVCL_1036	CVCL_1040	CVCL_1287	CVCL_0317	CVCL_1291	CVCL_1292	CVCL_0318	CVCL_0320	CVCL_1290	CVCL_0324	CVCL_2956	CVCL_1299	CVCL_1300	CVCL_0337	CVCL_1302	CVCL_2075	CVCL_2076	CVCL_1304	CVCL_2961	CVCL_0346	CVCL_1307	CVCL_6543	CVCL_1311	CVCL_1312	CVCL_0359	CVCL_2786	CVCL_2787	CVCL_0364	CVCL_2788	CVCL_2805	CVCL_4647	CVCL_4649	CVCL_4656	CVCL_3532	CVCL_2081	CVCL_0065	CVCL_1320	CVCL_8784	CVCL_1323	CVCL_1324	CVCL_1325	CVCL_1823	CVCL_0590	CVCL_2090	CVCL_2091	CVCL_3385	CVCL_3386	CVCL_2092	CVCL_0374	CVCL_2972	CVCL_1329	CVCL_2977	CVCL_2981	CVCL_2983	CVCL_2984	CVCL_2989	CVCL_1334	CVCL_2992	CVCL_2996	CVCL_0378	CVCL_2798	CVCL_1335	CVCL_2799	CVCL_1321	CVCL_3003	CVCL_3002	CVCL_3004	CVCL_3005	CVCL_1338	CVCL_1340	CVCL_0379	CVCL_1345	CVCL_3007	CVCL_1347	CVCL_1348	CVCL_1349	CVCL_1351	CVCL_1352	CVCL_1353	CVCL_1354	CVCL_1355	CVCL_1356	CVCL_8147	CVCL_1357	CVCL_1361	CVCL_5480	CVCL_1375	CVCL_0392	CVCL_0393	CVCL_2104	CVCL_1381	CVCL_0012	CVCL_1383	CVCL_1385	CVCL_1386	CVCL_3015	CVCL_2582	CVCL_0400	CVCL_1438	CVCL_0618	CVCL_1399	CVCL_3020	CVCL_0031	CVCL_0618	CVCL_1400	CVCL_0621	CVCL_0622	CVCL_0623	CVCL_0418	CVCL_0419	CVCL_1870	CVCL_0425	CVCL_1402	CVCL_1404	CVCL_0445	CVCL_1405	CVCL_1406	CVCL_2112	CVCL_0426	CVCL_1411	CVCL_0428	CVCL_1872	CVCL_1414	CVCL_0434	CVCL_2791	CVCL_1417	CVCL_2613	CVCL_2124	CVCL_1424	CVCL_1425	CVCL_2620	CVCL_1427	CVCL_1430	CVCL_1453	CVCL_1454	CVCL_1456	CVCL_1458	CVCL_0060	CVCL_A472	CVCL_1463	CVCL_1464	CVCL_1465	CVCL_1475	CVCL_1476	CVCL_1478	CVCL_1479	CVCL_1482	CVCL_1483	CVCL_1484	CVCL_1485	CVCL_1488	CVCL_1489	CVCL_1490	CVCL_1495	CVCL_1496	CVCL_1500	CVCL_1505	CVCL_1508	CVCL_1511	CVCL_1514	CVCL_1515	CVCL_1517	CVCL_1518	CVCL_1523	CVCL_1524	CVCL_1529	CVCL_1531	CVCL_1535	CVCL_1537	CVCL_1543	CVCL_1544	CVCL_1545	CVCL_1547	CVCL_1552	CVCL_1553	CVCL_1555	CVCL_1556	CVCL_6831	CVCL_1559	CVCL_1561	CVCL_0459	CVCL_1566	CVCL_1567	CVCL_1574	CVCL_1575	CVCL_1577	CVCL_1584	CVCL_1587	CVCL_1590	CVCL_1603	CVCL_3043	CVCL_0465	CVCL_1612	CVCL_3082	CVCL_1616	CVCL_1617	CVCL_1618	CVCL_1619	CVCL_1620	CVCL_8795	CVCL_3084	CVCL_2661	CVCL_0471	CVCL_1882	CVCL_1624	CVCL_1625	CVCL_3768	CVCL_1627	CVCL_1629	CVCL_3111	CVCL_3114	CVCL_3117	CVCL_1630	CVCL_1632	CVCL_2676	CVCL_1633	CVCL_1635	CVCL_1636	CVCL_1639	CVCL_1845	CVCL_1640	CVCL_0035	CVCL_3326	CVCL_4717	CVCL_6748	CVCL_4897	CVCL_3567	CVCL_0485	CVCL_1644	CVCL_3143	CVCL_0511	CVCL_1649	CVCL_1650	CVCL_3152	CVCL_4402	CVCL_1655	CVCL_3156	CVCL_0504	CVCL_0505	CVCL_1666	CVCL_1667	CVCL_1670	CVCL_0036	CVCL_1672	CVCL_0548	CVCL_1679	CVCL_3599	CVCL_1682	CVCL_1685	CVCL_1688	CVCL_1690	SF8657	CVCL_5167	CVCL_1693	CVCL_1694	CVCL_1695	CVCL_0041	CVCL_1697	CVCL_0033	CVCL_0626	CVCL_0627	CVCL_0525	CVCL_0628	CVCL_0629	CVCL_0599	CVCL_0069	CVCL_0039	CVCL_0600	CVCL_0527	CVCL_0630	CVCL_1699	CVCL_1700	CVCL_0528	CVCL_1701	CVCL_1702	CVCL_0531	CVCL_0532	CVCL_1707	CVCL_0076	CVCL_0090	CVCL_0099	CVCL_0250	CVCL_0077	CVCL_0366	CVCL_0454	CVCL_0497	CVCL_1709	CVCL_1710	CVCL_1656	CVCL_3881	CVCL_1889	CVCL_0539	CVCL_2206	CVCL_2207	CVCL_3172	CVCL_2209	CVCL_1714	CVCL_1715	CVCL_1716	CVCL_0543	CVCL_1717	CVCL_1720	CVCL_1723	CVCL_0545	CVCL_0546	CVCL_1724	CVCL_3603	CVCL_0547	CVCL_1728	CVCL_1731	CVCL_0554	CVCL_8067	CVCL_0553	CVCL_0555	CVCL_0556	CVCL_2213	CVCL_1738	CVCL_1761	CVCL_1763	CVCL_1759	CVCL_1764	CVCL_1755	CVCL_1767	CVCL_E063	CVCL_3611	CVCL_3612	CVCL_3613	CVCL_2218	CVCL_1776	CVCL_0633	CVCL_0042	CVCL_0022	CVCL_0007	CVCL_1779	CVCL_1780	CVCL_1781	CVCL_1783	CVCL_1787	CVCL_1790	CVCL_1791	CVCL_0040	CVCL_A341	CVCL_2765	CVCL_8787	CVCL_6805	CVCL_6809	CVCL_1796	CVCL_0588	CVCL_1661	Dataset
0	36314	5.6488	5.7297	5.9528	7.0226	5.5687	7.7957	4.0875	3.5178	5.3468	5.4703	6.9527	4.6157	4.3533	7.1679	5.6539	6.5225	6.0932	4.9753	7.0239	3.9915	6.7188	6.5985	5.5767	4.0922	6.6977	6.414	6.704	6.3787	5.1868	6.9967	7.1153	6.5657	4.959	3.3674	5.817	5.4667	3.4819	3.1892	2.9957	4.8113	4.9761	7.1184	5.5828	5.3918	4.1905	3.2082	6.5055	4.3906	3.4066	4.0347	3.4061	5.8572	5.9257	6.7624	5.9152	5.1776	7.0778	3.9828	7.3274	2.7143	4.5201	4.7665	5.4766	2.6619	5.2187	2.8757	3.7749	5.9369	5.3756	7.3422	5.6996	5.3135	5.5617	5.1909	5.4254	6.0946	6.3835	5.6514	5.2538	5.7392	2.0256	5.55	3.8972	3.8972	7.0443	4.0051	5.3368	6.5069	6.7817	4.7772	4.4367	4.3524	6.0134	6.559	5.9752	5.015	4.6277	4.0593	6.5265	5.6551	7.1474	5.0009	6.7581	5.2411	6.1217	5.8226	5.4493	2.7161	5.2761	6.8819	5.6339	2.4629	5.8944	5.8639	4.1463	5.4912	3.5376	4.5217	6.4469	3.1674	6.7594	6.3132	6.3134	4.9047	3.9821	5.4401	5.8464	3.8476	4.1261	5.1205	3.7909	4.8993	5.1752	6.2021	5.0317	4.4677	4.855	5.3291	6.5093	6.143	5.5399	4.9936	4.0841	4.8987	6.8292	5.9641	3.3945	5.2003	3.9177	5.1829	3.1435	4.3812	4.7678	2.9045	5.0763	3.864	6.4682	4.6615	6.7248	1.967	3.9561	4.6768	6.2246	6.6008	4.1198	4.4053	4.484	5.8226	6.5788	1.3967	6.1199	5.1485	3.7989	6.4774	7.4776	5.3262	7.0334	3.3207	6.3544	3.7283	3.9899	4.1514	4.7876	2.9703	6.0801	4.1841	5.2994	6.1947	6.1963	6.0871	7.2847	7.5086	5.2658	6.0363	5.9128	2.2649	6.8236	6.5453	4.3827	7.0551	4.0212	7.3811	4.7326	4.9233	6.2541	2.7287	5.1202	6.5537	4.304	3.9946	7.4167	7.086	7.1779	6.6117	5.2136	6.8034	4.9409	4.5833	6.1507	4.9263	5.3362	4.8529	4.864	6.5694	6.2491	7.1048	3.8522	6.895	3.5397	4.5075	6.5708	5.8173	3.8109	5.5189	6.5046	5.3639	5.5901	6.4953	6.817	4.3178	5.3331	5.5755	5.1481	5.688	6.1409	4.9676	3.0682	2.9985	5.834	4.8331	6.1904	5.9003	5.9103	3.8672	5.9969	6.476	6.4269	3.7399	3.8675	2.2575	2.8461	7.026	4.6231	5.5396	6.075	4.882	4.1212	4.24	5.6311	3.5542	3.8856	5.9629	6.2607	5.9739	7.2501	5.7431	7.1403	6.9625	5.8234	3.5975	3.6733	5.3376	4.819	6.7558	7.0911	6.6116	4.6902	5.3017	6.7078	1.7118	5.3744	4.6431	5.549	6.0005	6.0169	4.4405	3.5616	1.8457	5.6099	4.4458	5.8733	5.9981	4.3317	4.2575	4.4421	3.8862	4.6718	6.0885	5.8456	3.6008	2.2967	6.0863	4.4533	5.9467	4.9461	4.676	5.1832	4.3199	5.0352	5.5116	5.7354	6.6492	6.47	2.1174	5.1908	3.207	6.627	6.5769	4.1579	5.6526	3.249	4.7617	3.1413	5.6597	4.4553	4.9726	5.9668	5.4331	4.6377	4.2852	2.5108	1.9411	4.5944	4.6234	5.695	6.8572	5.2836	7.0402	6.0989	6.3589	6.6604	6.3818	6.3485	6.9156	5.5601	5.3406	6.2262	4.8996	6.6738		3.6015	3.4582	4.5514	6.193	2.7268	3.0491	2.0493	6.9777	5.4592	5.7467	4.0096	5.8073	3.9711	5.4204	3.2911	6.7585	4.2393	7.1858	5.4913	5.3968	4.3007	5.4653	5.357	5.7164	5.2985	6.0218	5.9449	6.7887	4.5754	6.7642	5.9558	5.3001	6.6097	6.095	6.9914	6.4498	6.9774	6.3166	3.8473	6.0694	6.4903	6.5622	6.8063	5.2099	4.6195	4.5241	3.3186	5.5243	3.8193	7.4525	5.5779	5.3401	5.3659	5.046	2.6585	6.7784	4.968	5.2374	4.591	3.0234	3.657	3.9556	4.1256	4.9196	4.9906	6.3364	5.2472	5.9311	5.864	3.4138	4.8643	5.0501	5.7321	7.5435	4.6237	4.8994	4.7368	6.988	4.9445	1.808	5	3.9497	5.3682	4.5905	4.1376	7.2354	6.9533	7.4814	6.7813	3.2842	7.6077	5.2309	4.9997	4.1891	5.3868	5.1654	3.8372	4.7138	5.8697	3.6134	6.6415	5.6305	6.0438	5.5322	4.5352	5.7734	4.1385	3.3375	4.1065	4.9955	6.8648	5.7387	7.3115	6.4203	4.1517	5.4258	6.7285	6.6468	4.0307	2.3948	6.2674	5.0367	6.6567	5.115	4.7636	5.1548	4.303	7.4369	3.6187	5.3255	4.0004	5.4626	6.523	1.0722	3.9578	3.5617	4.8909	4.0908	5.6275	5.0682	5.6824	5.5701	4.4743	2.1929	CCLE
1	60700	3.9955	3.8462	5.2619	3.4983	4.4574	5.3689	3.1708	3.3734	4.0707	3.8954	3.6427	2.649	2.586	3.1484	4.6056	4.6525	3.2038	1.8717	5.4861	3.7264	6.526	4.6146	1.4581	1.5994	3.8426	4.0091	3.6587	3.7961	3.1375	1.2733	4.1211	4.5194	2.1888	0.1767	4.1961	2.8842	1.3702	2.2885	2.6169	1.1215	1.9431	3.8619	3.1338	2.4477	1.9735	3.0826	3.0781	1.0891	1.2993	1.728	2.4283	2.8476	3.3596	4.9059	4.9621	3.1666	4.4189	2.5752	3.0919	1.8377	2.2206	2.4799	3.1862	1.1709	3.0968	2.0789	1.1671	3.9107	3.2015	5.916	1.4964	1.5358	3.1123	5.3652	3.1857	2.9817	3.3122	3.1845	3.6914	3.8903	1.6699	1.9984	2.5609	2.1093	5.2851	0.741	4.441	6.209	1.2153	3.2542	1.564	0.7803	2.9272	4.0509	4.218	1.2313	4.8979	1.9017	4.6049	2.6126	1.0642	1.297	5.0562	2.6745	3.1222	1.8545	2.5762	0.8191	2.5426	4.6446	1.2184	2.0685	1.7052	2.2173	1.5781	2.4964	4.1192	1.736	3.2013	2.7169	5.7676	3.7682	3.6883	2.287	2.025	2.833	2.7943	3.4251	3.0713	2.99	0.7921	2.7849	3.8241	2.186	3.7783	2.7067	3.7109	2.0497	3.8274	2.6696	2.9519	3.3008	1.1319	2.4773	1.2176	3.1158	2.2942	3.3782	2.2844	3.0074	0.9675	1.7592	1.4231	1.1193	1.5226	1.5029	3.7638	3.8791	3.3672	0.7309	0.1703	2.9211	2.4461	4.0798	2.3615	2.5865	1.9046	4.3506	4.0129	2.475	2.9305	2.5969	3.0213	2.9373	5.2822	2.6856	3.489	3.464	4.9511	3.0246	2.203	4.2614	4.1015	0.1861	3.2097	2.3488	2.2804	4.3234	3.6682	3.8976	5.3756	5.7118	2.5552	2.841	2.6928	4.1392	2.7252	4.5603	2.7719	4.5702	1.9144	5.4387	3.7898	2.984	4.8473	1.4401	2.1438	3.6748	2.4108	2.3736	2.9832	3.8314	4.5726	5.0621	2.0429	3.3792	2.5993	3.0377	5.1368	1.5307	1.8734	1.099	2.197	2.3036	4.8915	3.1619	3.0771	3.4304	2.3975	1.5052	3.9397	2.9748	0.9707	2.1403	4.2576	1.2417	3.081	3.5181	4.9954	3.0798	1.0455	2.2263	3.3191	1.7406	2.8967	4.1702	2.64	1.307	3.1476	4.0027	4.6107	3.9514	2.2186	1.5046	4.759	4.4146	2.5156	0.9251	3.6195	1.9513	1.0161	3.6949	2.5255	3.126	3.7305	4.2652	2.9957	2.6133	3.7506	0.4341	2.3197	4.5965	2.5258	3.5973	6.0318	3.8799	4.5568	3.4198	4.3579	2.3142	3.1009	0.8864	3.1229	5.7389	5.6936	2.2823	2.5565	3.1705	5.3324	2.8124	4.8723	4.1958	3.8423	3.7848	2.9384	0.9215	1.0589	0.08307	3.7898	1.2867	2.8858	1.9441	1.4616	2.3495	2.0451	3.0734	4.8522	3.4943	1.7974	1.5681	1.5602	3.279	1.7644	1.6636	2.1728	2.1324	4.0152	3.4086	1.0246	4.0293	3.8351	4.4313	4.5073	0.0547	2.8877	2.248	5.3799	3.0649	1.3742	3.3382	1.549	1.8001	1.6078	2.0796	2.5101	3.151	2.1326	1.9146	1.1787	1.8313	0.9602	0.2574	2.1884	1.8683	3.5494	4.8071	2.0783	4.3889	3.955	3.2347	3.3351	3.3175	4.8885	5.118	1.7151	3.6049	2.622	3.252	2.833	3.336	3.6358	2.9714	2.9929	4.034	2.4824	1.9364	3.5208	5.2524	3.9765	3.0622	2.4189	3.1664	1.7677	3.3451	2.263	3.389	1.5711	4.1862	2.5477	0.9304	2.2588	2.792	1.2708	2.709	1.2569	3.4747	2.7238	4.3275	3.4388	2.7835	1.2569	3.0453	3.5301	1.9966	3.4621	5.2886	4.3472	2.83	1.22	3.5564	3.162	2.157	3.3078	2.3581	4.3635	3.0484	0.7023	1.5113	0.7999	5.3778	4.5036	3.5555	3.5615	4.2169	2.2109	5.0616	1.9181	3.7843	3.1782	1.972	1.1798	1.2816	1.2612	2.5007	3.7728	2.4981	3.1954	4.1463	3.8043	1.3133	2.8988	2.0795	2.5829	3.5655	1.3273	3.6574	1.0026	3.618	0.8919	1.3044	2.5168	2.2119	3.1926	2.0749	3.0704	4.0743	5.315	4.0341	5.4439	3.5594	4.3541	4.3655	0.777	3.209	2.2859	3.6728	4.6127	4.2077	4.7006	2.9514	4.0017	3.4254	3.5414	1.975	1.0695	3.6724	0.8203	1.9885	1.1731	1.2564	3.7927	2.2101	4.7553	3.6344	2.8467	3.692	4.4021	4.0447	2.0667	4.0031	3.9431	2.732	3.3499	3.4346	2.8569	2.6347	1.6427	3.5634	2.1144	3.8193	1.3378	2.4369	2.2419	0.233	2.0667	0.8829	3.0344	3.3541	3.6274	2.8429	2.8592	1.3881	3.5125	0.02054	CCLE
2	60838		4.389		3.3621	4.5677	5.5188	1.8827	3.0887	2.8908	3.8186		2.5153	2.8739	3.5949		4.4446	3.9345	1.7063			5.8889	3.7332		2.2418		4.4041	3.9819			2.2857	4.7396	4.8923	2.4196		3.4086			2.0384		0.5537			2.9043	2.8611	1.8093			3.1566	1.5901	2.2248		2.9906		4.4997	4.3505			2.9318	3.0738	1.9174	2.1461	2.7471			2.9901	2.342		3.9651	3.4461	5.873		1.8847		5.5641	3.6086	3.5571				3.5052	2.2955	2.2524	1.9361	2.605	5.2348	0.9262			3.0544			1.2757	3.2033	4.6555			4.2248		4.69		2.2821	1.5352	5.1588					2.4213				1.7352	2.5662		1.8327	2.2185			3.3454	2.7435		3.8757	2.922		1.4273	1.7593	3.2408	3.771	3.6618		1.5377	3.224	3.4329	1.955		2.9701	3.7736	1.7798	3.5353	3.5016	2.3686			2.3295		2.8785	2.5234		2.0158		0.9451	2.2389	0.8084		1.5988		4.1102	3.5079		1.3475	1.5047	2.7864	3.1076		2.0752	2.3966	2.011			2.821	3.7394	2.7698	2.3182			3.1056		2.7861	4.5254		2.7736	3.466		0.5917						3.4227	5.0107	5.795	2.933	2.2827		3.6338	2.5262	4.7985		4.4124		5.0752		2.8217	4.2888	1.9354	2.1382	3.531	2.3962	1.6298	3.367		4.3181	4.8773	2.4491	2.9539		2.6355	4.3871	1.6959	2.1545	1.234	1.5558	3.2093	5.1446	2.7764	2.4941					2.8093	1.4083			1.2647		4.4701	4.9078	3.2757		2.0636	2.4904		3.9008		2.5387			2.7359	4.895			2.1141	3.8806		2.8648	1.7724				3.0189		3.9137	3.8767	4.3888	2.651	3.5391		0.9154	2.0817			2.8245	5.3433	3.4062	4.7234		4.1061	1.4986	3.4797		3.8717	5.5993	4.9124		2.5822		4.6028	3.195		4.533		3.5342	3.7968		1.6349								3.2599	3.1318	4.3177				1.8317	3.1297		1.7151	2.9776		2.5802				3.8559	3.6813	3.5838	0.9265	3.0723		4.9054		3.0533	3.7125		2.5264	2.9401		3.3047		3.2016	2.9178			2.6998	1.357		3.0313		4.4747	3.6816	4.6195			3.2714	3.2084	4.2545	4.6729		3.2961	2.8926	4.2414	2.6162	2.7183	4.3124	2.8504	1.8003	4.2914	2.3485	1.8955	2.6997	5.5533	3.9479		2.7868	3.4648	1.7691	3.5233			1.9126		3.4797	2.0877	2.1066	3.4861	2.4007							2.9952		3.0355	3.213	2.1034		5.2731	3.78	3.1885	1.1385	3.7048	3.3657	2.5283			3.7926	2.844	0.7244	1.4957	1.4702	5.4087	4.8066			4.3951		5.3432	1.9584		2.8009	2.8192	2.7765	1.6605	1.848	3.1361		1.9241		3.6462				2.4994	2.0173							1.6665						3.1957	4.9707	4.2453	5.546	3.4227	5.0054			3.0324	2.646				2.8655	2.3517	4.33	3.4352	3.6838	2.3722		4.5191	1.4788		2.2281	0.8403	3.5768	2.4115					4.4324	3.8206	2.7288		3.8142	2.6233	3.5752	3.7963	3.0109	2.6425	1.4987	3.6217			1.7327	2.6212		2.9569	1.3083		2.4335		4.4759	3.6776	2.4694	1.8817		1.6931	CCLE
3	176870	0.2496	0.245	0.8748	1.92	0.2919	1.6441	1.8863	0.08267	0.4567	0.07583	0.5181	0.08293	0.3697	0	0.8588	0.2241	0.2889	0.4884	0.1029	1.2474	1.0818	1.0362	0.3018	0.2484	0.491	1.1176	0.3177	0	0.04175	0.1886	0.01175	0.3595	1.3084	0.3156	0.2467	0.7307	1.128	0.286	0.4533	1.0932	1.7747	2.316	0.6947	2.0234	0.04256	1.1767	0.4963	0.003827	0.399	0.08698	1.8156	1.207	0.4165	0.4621	1.1118	0.1882	0.6326	0.6266	0.369	1.1618	0.4867	0.2241	0.9611	1.1257	0.03604	0.05132	0.258	0.2287	0.3955	0.473	0.8498	0.1756	0.4546	0.9251	0.04386	0.9805	1.4945	0.3605	0.2757	0.2728	0.5729	0.09867	0.463	0.8427	0.8905	0	0.09704	0.6877	0.6618	1.5452	0.3636	0.8677	0.996	0.3828	0	0.1358	0.4303	0.9732	0.6055	0.1787	0.6685	0.1201	0.3789	0.2662	0.8434	0.1981	0.5515	0.1893	0.3449	2.1	0.8402	2.6857	3.7373	0.1511	0.2732	0.3408	0.02019	4.4132	0.2184	0.4596	0.8709	1.6374	2.2608	0.1217	1.0704	0.7614	0	0.05487	0.7348	0.4473	0.4963	0.1433	0.2561	0.2264	0.4083	0.3112	0.5841	0.3479	1.0646	0.2068	0.7557	0.965	0.00911	0.6342	0.05836	0.07119	0.0222	0.1266	0.2265	0.3248	0.6797	0.3236	0.2035	0.4755	0	0.1288	0.3722	0.6125	0.02918	0.2642	1.4249	0.5338	0	0.6185	0.4576	0.4804	0.2869	1.4576	0.7256	0.3108	0.3618	0.4376	1.1493	2.1284	0	0.5104	1.7752	0.2581	0.3595	0.3626	0.4617	0.4773	1.4192	0.01655	0.6282	0.1802	0.9895	0.1292	0.7337	1.0426	1.1054	1.8084	0.03277	0.3822	0	0.01967	0.7388	1.0277	1.3204	0.6935	1.0481	0.8743	0.2575	0.9725	1.043	0.7291	0.1784	0.2421	0.8457	0.505	0.2748	1.0481	1.1015	0.2969	0.0282	0.161	0.1777	0.5309	0.6706	0.01012	0.02276	0.1607	0.2328	0.21	0.8298	0.5995	0.9836	0.2845	2.1105	0.7703	1.55	0.9731	0.4664	1.4667	0.3023	1.2624	1.3994	1.0717	1.0643	0.3904	0.7528	0.26	0.3233	0.4374	1.0477	0.09979	0	0.4793	0.3804	1.5967	0.8666	1.5519	0.0725	0.2374	1.4358	0.0005163	0.05463	0.3573	0.2684	1.1964	0.03477	0.2052	0.4275	0.1473	1.8648	1.239	0.3546	0.49	0	0.002914	0.9432	0.6176	1.5436	0.1603	1.1808	0.07553	1.1327	0.007088	0.18	0.3761	0.3438	0	0.3782	1.5452	2.0672	0.2041	0.2684	0.3184	0.662	0.06946	0.6025	0.67	0.7121	0.1102	1.1779	1.1241	0.2836	0.1776	1.6905	1.4163	0.04829	0.6008	1.3557	0.2825	2.2235	1.42	0.1312	0.5767	0.2512	0.4024	1.4395	0.4244	0.3705	0.4621	0.6598	0.1764	1.2982	0.9973	0.4553	0.4709	0.1121	0.8959	2.0307	0.198	0.8593	0	1.2231	0	0.4111	0.7658	1.7382	1.9746	4.0635	1.6179	0.3066	0.06994	0	0.4055	0.2912	0.04207	0.09786	0.3191	0.8585	0.1621	0.9619	1.5548	1.1932	1.82	2.6443	0.2903	0.3616	0.3731	0.02743	1.2901	0.05276	0.01577	2.3549	0.842	1.0886	0.06366	0.8885	0	0.3913	0.532	0.03859	0.1429	0.8693	0.7472	0.8033	0	1.0194	0.4879	0.494	0.5347	0.0789	3.7177	0.5852	1.171	0.5614	0.3102	0.2714	0.3004	0.3737	0.2199	0.7446	0.218	0.1262	0.1718	0.4351	0.2999	0	0.1202	0.06025	1.5385	0.172	0.6156	0.3784	1.6683	0.05907	0.2072	0.1555	2.0435		2.1038	0.07066	0.1438	0.1304	0.1529	0.2221	1.9143	0.1907	0.1233	0.4775	0.6481	0.7601	0.8541	0.3647	1.0627	0.5373	0.1272	0.09419	0	0.1344	0.4067	2.3791	1.4542	0.03266	0.2446	0.04943	0.4157	0.5904	0.6147	0.7714	0.4495	0.9051	0.3576	0.8118	0.01824	0	0.3379	0.6863	0.4618	0.3228	0.9531	0.1866	0.06596	1.0076	0.3886	0.689	0.9399	0	0.3717	0.1109	0.08464	0.1981	0.3159	0.3446	0.5871	1.0355	0.2869	2.558	0.3561	0	0.9057	0.1385	0.8934	0.3811	0.1791	1.0015	0.5313	0	0.06454	2.0088	1.677	0.8417	0.23	1.7201	0.9259	0.08303	0.01286	0.8777	0.8857	0.8222	0.2076	0.05681	0.4888	0.07387	0.5495	0	0.6873	0.4433	0	0.2547	0.194	0.9017	0.1035	0.6819	0.08816	0.07185	0.242	0.981	0.07841	1.1717	0.03998	CCLE
4	208908	0.1101	0.5246	0.6577	1.089	0.1402	1.5649	1.5596	1.0403	0.5409	0.2543	0.7194	0	0.3485	0.1202	0.8241	0.6209	0.1527	0.6707	0.005817	0.8437	1.1767	1.233	0	0.411	3.5677	1.5453	0.3482	0	0.1757	0.1432	0.6501	0.3646	0.6681	3.3811	1.0001	1.2981	1.4312	0	0.5676	0.7662	1.4973	1.8794	0.4327	1.9052	0.3518	2.6066	0.1923	0.146	0.6047	0.02975	2.3087	2.0464	0.4609	0.07477	1.1025	0.1412	0.1875	0.5138	0.5569	1.1779	0	0.8415	0.3423	0.549	0.1227	0	0	0.05	0.2992	1.0422	0.432	0.2054	0.2177	1.1878	0.4274	0.7691	0.9329	0.2499	0.4862	0.6902	1.0358	0.7549	0.5927	0.9129	0.3354	0.4058	0.05121	1.2909	0.6322	1.9562	0.3622	0.6817	1.2718	0.4741	0.2117	0	0.2394	0.8684	0.756	0.216	0.2156	0.004152	0.2367	0.05188	0.7284	0	0.3471	0.3181	0.6883	1.4366	2.0762	1.9085	1.8224	0.1527	0.4479	0.6068	0.07474	0.956	0.3587	1.0195	0.6625	2.4691	1.59	0.1152	0.6192	0.7347	0.4616	0	1.1782	0.1414	0.1116	0.2365	0.0632	0.3305	0.7705	0.2179	0.3719	0.3697	1.053	0.7597	0.5041	1.3411	0.08038	0.3933	0.2025	0.03881	0.3009	0.4988	0.2569	0.5103	0.3614	0.1638	0.1743	0.3417	0	0.1568	0.2636	0.5269	0.2133	0.3532	1.0678	0.5575	0.8029	0.5864	0.7029	0.3326	0.1481	1.1058	0.7425	0.8124	0.4278	0.08543	0.8646	1.3837	0.2626	0.2847	0.9137	0.6966	0.7325	0.07309	0.4059	0.9322	1.8201	0	0.9747	0.5668	1.0099	0.1097	0.143	0.1266	0.9963	1.2129	0.6687	0.5346	0	0.454	0.4323	0.1136	0.8691	0.9807	1.1427	0.233	0.1516	0.5561	1.1746	0.6419	0.4407	1.158	0.4486	0.7808	1.0317	0.7467	0.9961	1.361	0.216	0	0.2334	0.484	0.06963	0.2825	0.4018	0.2996	0.09769	0.212	1.0477	0.5306	1.5001	0.2819	2.2679	0.5937	1.7008	0.521	1.1965	1.3231	0.311	1.037	1.3543	1.7718	1.3522	0.6883	0.2258	0.1241	0.369	0.3739	0.1664	0.0391	1.8908	0.4413	0.04328	2.1057	0.9483	1.8359	0.2556	0.5408	1.2831	0.0505	0.6464	0.4242	0.1138	2.3603	0.4949	0.5271	0.2457	1.582	1.4168	0.5553	0.4225	0.6978	0	0	0.8911	0.4447	1.5418	0.1513	1.9384	0.429	0.8071	0.2492	0.2113	0.6075	0.8744	0	0.8492	1.4487	2.3191	0.3634	0.392	0.3716	0.5777	0.2613	0.3304	0.2531	0.2706	0.4067	0.6303	1.4545	0.2469	0.3184	0.918	1.6056	0.3271	1.8562	1.0601	0.6165	2.1425	1.678	0.5385	0.3413	0.3039	0.6214	1.0958	0.1502	0.2708	0.3094	0.3635	0.3546	1.2422	0.4151	0.8009	0.3981	0.6736	1.0545	3.1451	0.03765	0.3527	0	1.7222	0.4302	1.0206	0.2728	1.1902	1.3463	3.3578	1.4357	0.4346	0.1102	0	0.7621	0.2396	0.1778	0.3394	0.5375	0.5944	0.4256	4.381	1.6375	1.0323	1.5373	2.9416	0.3899	0.4119	0.4652	0.1763	0.4723	0.07892	0.3383	1.5609	1.3948	0.8549	0.1084	0.03488	0.3964	0.4367	1.0963	0.6579	0.3303	0.8776	0.7179	0.3472	0.005816	1.0355	0.7534	0.6503	0.6474	0.2098	1.6271	0.3291	0.35	0.7236	0.43	0.5183	0.3236	1.2112	0.05786	0.4053	0.3515	0.195	0.4909	0.717	0.306	0.03182	0.06721	0.302	1.3016	0.212	1.2147	0.7505	1.889	0.1602	0.5612	0.2793	1.7113	1.1151	1.1401	0.3474	0.4123	0.0415	0.2517	0.2586	1.3094	0.5922	0.3895	0.3625	2.9047	1.0674	0.3363	0.1027	0.9194	0.7137	0.3248	0.9673	0.027	0.5777	0.03464	2.0259	1.2505	0.08355	0.1607	0.1598	0.3646	0.5023	0.8272	0.5455	1.2279	0.1451	0.4886	0.8222	0.2801	0.2067	0.1797	0.8682	0.2618	1.5909	0.6781	0.09048	0.7992	1.2882	1.4096	0.9553	0.1841	0	0.2321	0.7047	0.1266	0.3409	0.9209	0.3101	0.8197	1.8469	0.2645	2.7696	0.219	0	0.6584	0.4217	0.416	0.54	0.5727	0.2998	0.3194	0	0	2.2305	1.4963	0.7076	0.486	3.4461	1.265	0.6323	0.02839	0.4868	0.5477	0.4612	0.5639	0.04566	0.7341	0.5471	0.3857	0.01452	0.565	1.3183	0	0.3525	1.3765	0.532	0.1087	0.394	0.1532	0.6875	0.1094	2.28	0	0.4156	3.0902	CCLE
5	216239	0.2672	0.8047	1.1898	0.7932	0.4203	1.8187	0.1058	0.552	0.6724	0.4669	0.1737	0.2818	2.0935	0.05127	0.4373	0.9908	0.6118	0.6549	0.3025	0.6473	2.1035	0.9786	0.1933	0.4228	0.6273	0.6914	1.5503	0.2804		0.1315	0	0.1112	0.4714	0.8083	0.5889	0.3544	0.2239	0.3158	0.7144	0.4486	0.6577	0.3294	0.301	0.04859	0.05791	0.5152	0.8441	0.1544	0	0.06255	0.1157	0.6945	0.5689	0.3438	1.0556	0.8047	1.204	0.7374	1.5382	0.8591	0.4606	1.0101	0.2976	0	0.8032	0.2473	0.09018	0.3994	0.7186	1.989	0.08576	0.04339	0.7432	2.8625	1.3888	0.3253	0.04952	0.2679	0.06314	0.3943	0.3326	0.3749	0.5223	0.326	1.7046	0.3369	0.38	0.4498	1.2146	0.05019	1.0666	0.6551	0.8658	1.2294	1.1492	0.1068	1.0509	0.2187	0.497	0.4663	0.08588	0.1598	0.4338	0.1642	0.3296	0.2117	0.3345	0.2041	0.827	0.8092	0.4548	0	0.3675	0.5025	0.08142	0.5751	0	0.5981	0.8268	1.1377	0.9484	0.1197	0.7036	0.6987	0.9618	0.5294	0.852	0.6413	1.2738	0.3034	0.6187	0.2541	0.6201	0.4772	1.3007	0.2021	0.5575	0.2971	1.3145	0.06738	0.8845	0.4414	0.1337	0.01333	0.05614	0.2025	0.09031	0.04854	0.8671	0.2575	0.2793	0.2267	0.4032	0.911	0.1109	0.08454	0.6535	1.0356	0.1179	0.1303	0.3819	0.6104	0.658	1.8156	0.4565	0.1994	0.1761	0.15	0.7262	0.8639	0.7135	0.2575	0.8575	0.4556	0.024	0.6293	0.863	1.155	0.6781	0	0.1974	0.7286	0.3623	0.02019	1.0576	0	0.2538	0.4216	0.2965	0.7113	1.4882	1.21	0.5472	0.1169	0.09596	0.4391	1.3176	0.941	0.6298	1.6803	0.4823	0.6616	0.4258	0.8453	0.9919	0.6244	0	1.6069	0.337	0.4541	2.1886	0.3402	0.8896	1.2637	0.3099	0.4594	0.0401	0.1781	1.6474	0.5487	1.2839	0.2155	0.8425	0.691	0.7751	0	1.1985	0.6532	0.1106	0.08508	0.3126	0.466	0.2293	0.09899	0.6993	0.4213	0.6312	0.4845	1.6377	1.1127	0.05495	0.4543	0.4215	0.4278	1.0337	0.524	1.1561	0.1955	0.1615	0.9539	1.1541	0.6557	0.1766	0.8727	0.4643	0.5503	0.4575	0	0.5498	0.07455	0.8087	0.6186	0.2087	0.8147	0.8336	1.2061	0.1151	0.7755	0.2463	0.4461	0.4915	0.583	0.3111	0.3812	1.8656	0.7994	0.002441	0	0.8244	0.1997	0.2289	0.3726	0.9686	2.8323	5.7935	0.1042	0	0.7464	0.6078	0	0.4457	0.4186	1.5557	0.7501	0.6177	0.08526	0.1644	0.1783	0.7917	0.3309	0.106	0.5777	0.5556	0.2962	0.6144	0.4801	0.1786	1.7395	0.3336	0.04823	0.2687	0.03571	0.04412	0.1468	0	0.006447	0.5507	1.0207	0.5017	1.0198	0.7736	0.4757	0.1748	0.3295	0.5604	0.5957	1.2132	0.3285	0.1305	0.7511	0.1132	0	0.1257	0.4633	0.2335	0.1393	0.4904	0.5832	0.8969	0.07339	0.1372	0.2139	0.5534	0.5582	0.4951	2.1583	1.3616	1.0741	0.3093	0.0006212	0.01658	0.1094	1.7042	2.4072	0.4065	0.1405	0.4841	0.2001	0.4858	0.9837	0.1978	0.4936	0.6127	0.9127	0.7517	0.3679	0.7373	1.325	1.1751	0.2461	0.5173	0.1145	0.4002	0.7027	0.4794	0.4259	0.4568	0.06782	0.6839	0.06274	0.3679	0.2544	0.4683	0.2279	0.5314	0.03069	0.4051	0.4783	0.1891	0.03211	0.07522	0.4223	0.8653	0.1355	0.1968	1.1083	0.6547	0.9329	0	0.4878	0.539	0.6011	0.3316	0.2901	0.5917	0.2399	0	0.6857	0.04803	2.421	1.1921	0.5737	0.9267	0.7789	0.448	0.5736	0.3457	0.3121	0.02507	0.06075	0.8119	0.4895	0.09934	0.9226	0.5808	0.9437	0.3163	0.3857	0.154	0.5742	1.011	0.4214	0.4755	1.1606	0.04995	0.8939	0.7339	0.7151	0.06403	0.5036	1.0406	0.6656	0.2368	0.6838	0.2178	0.01542	1.8441	0.8653	1.6194	0.6344	0.04683	0.05822	0.0797	0.3072	0.3081	0.8551	0.3386	0.06581	0.003239	0.3728	0.5355	1.8088	0.4125	0.1231	0.4596	0.5063	0	0.427	0.614	1.0637	0.007735	0.01622	0.5301	0.4139	0.2454	0.2589	0.9072	0.6806	0	0.02052	0.9695	1.0759	0.5484	0.5322	0.2384	0.5541	0.2031	0.7181	0.3558	0.398	0.2783	0.2574	0.8458	0.9115	0.8126	0.3239	1.0246	0.1223	0.1739	0.7236	1.4692	0.2007	0.8454	0.7984	CCLE
6	644241		0.1278		0.5269	0.5869	2.1147	0.7575	0.5356	0.9183	0.6024		0	1.727	0.02046	0.2846	0.4157	0.521	0.6661			7.0051	1.5625	0.1972	0.2155	0.873	1.1455	0.7336	0	0.00241	0.03027	0	0.1648	0.3956	0.5231	0.641		0.7346	0.1393		0.03836			0.5266	0.07419	0.1917	0.4743		0.4371	0.7497	0.207		0.3245		0.2173	1.8126	0.8895	0.6001	0.8088	0.7709	0.2982	0.5391	0.881			0.1142	0.5619	0.1649	0.2486	0.3488	1.2823	0.5156	0	0.8476	1.7965	0.5616	0.07206		0.3182	0.1786	0.3761	0.2116	0.3452	0.08193	0.09143	6.0634	0.1392			0.9395	0.7939		0.4601	0.5674	0.6602			0.256	0.8356	0.5817		0.06504	0	1.8129	0.5618		0.1172		0.1617	0.3714	1.0867	0.5581	0.3039	0.7678		0.09552	0.09364	0.01119		0.2101	0.6787		3.0468	0.6752	0.7392	1.4282	0.2585	0.5323	0.1066	1.4706	0.3645	0.6464	0.239	0.403	0.7505	0.8973	0	0.1366	0.2208	0.5979	0.4549	0.9597		0	0.1473	0.2575	0.2585	0.1666		0.5616	0.8844	0.2082	0.4101	0.5659	1.1133	0.001392	0.6022	0.2055	0.2326		0.06098	0.2472	0.8419	0.4398	0.05258	0.3396	0.2987	0.1507	1.2267	1.4199	0.5739	0.8076	0.1603	0.4447	2	0.933	0.2386		1.0773	0.7994		0.4738	0.5288		0.02888		0.5389	1.2189		0.6152	0.6397	0.9375	1.8695	0.6065	0.2728	0.04111	0.1021	0.3661	1.0794		5.6277	0.5221	0.2995		0.6361	1.8774	0.5632	0.01426	1.5839	0.1906	0.1628	2.0814	1.1375	0.8691	1.4553	0.3225	0.2903		0.5671	0.764	0.1877	0.2514	0.2871	0.4622	0.3059	1.1281	5.016	1.27					0.4685	0.5324			0.6587		0.4161	1.9171	1.1117	0.1196	0.1693	0.4477	0.7352	0.3538		2.2922	0.5402		1.4159	0.5356	0.8515	0.5565	1.1576	1.0798	0	0.1668	0.1241	0.6589	0.182	0.9927	1.0356	0.2853	0.3012	0.6117	1.7814	4.4689	0.654	0.3623	0	0.3222			0.29	2.5759	0.259	0	0.4704	0.358	0.4273	0.5522	0.08413	0.838	1.8004	2.979		0.6128	0.5277	0.4625	0.1775		0		0.9951	0.05606	0.2995	0	0.286	0.6011	0.7619	0.7787	1.4162	0.4834	0.2314	0.456	0.8682	0.308		0.1523	0.1586	0.4445	0.1953	0	0.07336	0.237	0.612	0.3102	0.4418	0.6032	0.8483	0.9206	0.5732	0.9569	0.07936	0.2487	0	2.2442	0.6261	0.1556	0.2073	0.2426	0.1888	0.7838	0.4732	0.1257		0.1169	0.4237	0.5991	0.1037	0.5492	0.5898	0.6162	0.8719	1.2436	5.944	0.07783	0.5547	0.8153	0.03021	0.05129	0.1259	0.8493	1.1833		0.3957	0.8543	0.1666	0.6137	0.1742	0.3997	0.6314	0.2542	0.6021	0.2676	0.02441	0.1559	0.8608	0.4948	0.12	0.3683	0.01959	0.6639	0.2589			0.3649	0.5337	0.1723	0.221	0.3275	0.2333	0.8893			0.3417		0.577	0.08913	0.3106	0	0.5959	0.5761	0.479		1.0203	0.2699	0.7336	0.2469	1.0258	0.5386	0.196			0.5877	0.2989	0.4608	0.4446	0.2396	2.294	1.172	0.4831		0.3601	1.199	0.6998	0.1774		0.2903	0.5484	0.7005	0.2941	0.5639	0.4471		0.5101		0.5456			1.0504	0.1564	0.3269	1.2124	0.2845	0.566			0.08987	0.278		0.1011	0.8244			0.3176	1.4978	1.2999	1.3969	0.05218	0.1514	0.6136	0.6276	0.6314	0.149			0.7679	0.2939	0.09498	0.3872	1.0923	0.1627	0.2467	0.3543	0.1709	0.0999	0.5094	0.7187	0.4823	0	0.3292					1.5507	0.6286	0.8952	0	0.4922	0.1506	0.8678	0.1484	0.04546	0.6846	0.2714	0.5501			0.7207	0.1194	0.9196	0.8637	0.0939		0.9846		0.708	0.6898	1.9258	0.4998		0.3953	CCLE
7	6918837	3.8685	5.0999	4.3045	3.6088	4.0279	5.983	3.5201	3.109	4.7205	4.2886	3.9825	4.0075	3.6206	4.3673	4.4124	4.5095	4.6373	3.6981	4.71	4.5464	6.3121	5.9291	3.5863	4.1905	5.0888	4.8869	4.3878	3.844	4.0883	4.9847	4.6797	5.8478	4.53	5.1333	3.7698	3.9718	4.6721	2.4495	5.2321	3.6886	4.1571	4.4571	4.6055	4.751	3.5222	4.5124	4.0829	5.0138	3.4812	3.6763	4.7212	5.1254	5.65	4.9845	6.2657	5.0094	4.8613	4.3094	5.1855	3.3188	4.6206	3.9046	3.9221	2.7717	4.0549	3.6326	3.29	4.8071	3.7393	5.957	3.7515	3.8051	4.5845	6.0713	4.181	4.9332	5.597	4.0163	3.2919	4.4037	3.3759	4.9716	3.2021	4.9402	5.6418	3.5731	4.7008	4.7936	6.4753	4.0829	5.2069	3.5401	5.3635	5.5697	3.8386	3.8201	4.0893	4.2403	4.6095	4.6003	5.04	3.4086	5.0557	4.3444	3.5884	3.683	2.8148	3.2022	4.8063	4.4637	3.7483	3.8509	3.8515	4.1851	4.3664	4.4205	3.9946	4.0611	4.9122	3.1759	4.3193	4.718	5.4317	4.8108	4.6043	3.7871	4.4044	4.4225	5.0758	4.6644	4.4206	4.9398	4.431	4.4176	6.1876	3.723	4.42	3.0692	4.588	4.5348	4.6008	3.7254	4.2832	3.8112	4.1861	3.6994	4.6716	3.5883	3.1432	4.7462	3.5238	4.6206	4.298	3.8108	5.0778	4.5715	4.3351	3.2598	4.6286	4.3308	3.9747	4.0197	4.5754	6.1087	3.9488	3.2468	3.932	5.0741	6.2215	3.8931	4.655	3.1685	4.0604	5.6788	4.644	4.117	5.2869	4.4893	4.8466	3.699	4.3211	4.399	4.4314	2.822	4.4785	3.0253	3.1822	5.1923	5.2913	4.4484	5.4117	5.7298	4.8894	3.7029	4.2807	5.1266	5.5411	6.4096	4.3288	5.8635	3.8736	5.6306	4.6979	5.646	5.8292	4.3321	4.6034	5.5777	3.2386	3.2458	5.3877	6.804	6.6543	5.8871	3.6298	4.7173	4.2741	3.703	5.8283	2.8117	2.9291	3.2117	3.5037	3.9219	5.3488	4.7085	3.8318	5.6512	3.5643	3.4319	3.9365	3.8094	4.147	3.3199	3.8037	3.219	4.5453	4.3554	6.2917	4.663	3.7921	4.1846	4.2477	3.9247	3.4407	4.405	4.8948	4.5721	4.8202	5.166	4.3637	4.4987	3.7611	4.7209	5.2715	3.7751	4.1673		4.2399	3.7079	4.546	4.4665	3.1806	5.7776	3.384	5.892	4.4477	5.0633	3.9164	3.6394	4.9023	3.909	4.2531	3.6454	4.5822	5.4217	5.6889	5.7256	4.163	4.287	4.0845	3.2096	5.5941	5.9569	6.4125	5.0863	4.5306	4.4962	4.9662	3.5793	4.6853	5.3657	3.6257	4.3192	4.6373	3.208	3.5689	2.8012	4.3663	4.0278	4.8627	4.1316	3.4336	4.0816	3.9983	4.5178	5.0687	3.2273	3.9704		3.6257	4.8531	3.797	3.3759	5.2809	3.9486	3.6894	3.936	4.3973	3.572	5.3056	4.8641	5.0943		4.2462	2.8671	4.8471	4.3584	4.1274	3.5626	4.0381	3.7953	4.352	4.264	3.8005	4.002	4.0233	4.0878	2.9629	3.4858	5.3017	2.9172	4.788	5.4403	4.5723	5.185	4.6118	4.2428	5.8552	3.7559	4.3413	3.9949	5.3795	6.1828	4.9742	5.165	4.345	4.8403	4.0304	3.9079	6.84	4.7692	3.9406	5.1246	3.3768	3.2763	4.7984	5.9228	6.1262	4.2803	4.357	3.6862	3.5197	4.0085	3.9954	4.1845	3.2379	5.5938	3.7359	4.0222	3.8702	4.0713	4.822	4.1128	4.2756	4.1707	5.2349	4.9712	4.1861	4.4865	3.3784	3.893	4.4547	4.9122	4.7622	5.8744	4.9117	4.7139	4.0976	4.3266	4.3195	4.1539		5.3576	4.1631	3.2886	2.548	3.9183	4.1427	6.2273	4.7345	5.2359	4.1913	5.2138	3.4435	5.2424	3.5627	4.5119	4.0676	3.9406	4.9024	3.2337	4.2725	4.3233	4.3314	4.3589	5.2683	5.538	5.6735	4.3873	5.1937	3.3944	3.9169	4.804	4.3852	4.0105	3.7306	4.3922	3.1265	3.3569	3.7899	3.2683	3.8706	4.9539	3.8365	5.3984	5.8489	6.1489	6.3157	3.1656	5.489	4.1072	2.9392	3.5354	4.4823	4.3976	3.9544	3.6605	5.1316	3.7592	4.6508	4.3588	4.822	3.3299	1.8786	4.441	3.879	4.3607	3.9686	2.8925	4.6377	4.3885	3.5976	4.4379	5.0321	3.463	5.0969	4.0263	3.5077	4.2588	4.3584	3.7608	4.9275	4.6765	4.1269	5.1185	3.4181	5.0159	4.057	4.6762	3.7262	3.3849	5.8651	5.963	3.8161	3.3891	3.5298	4.9417	4.05	4.2388	4.4884	4.1169	4.6473	4.2563	CCLE
8	9886808	1.4418	0.8447	1.8371	0.6844	1.3518	2.6279	0.9248	0.847	0.8724	0.661	1.6828	1.1598	2.2652	0.858	0.4621	1.8416	1.0899	1.2616	0.7322	0.95	2.0343	1.5766	1.06	0.5118	0.7107	2.1487	0.9213	0.6067	1.2289	0.8804	1.0673	1.7212	0.1317	0.3351	1.0845	1.1114	0.527	0.3908	0.2617	0.9492	1.5021	0.5781	1.7102	0.322	0.6033	0.4078	0.79	0.494	0.2457	0.3645	0.6354	1.0597	0.6549	1.0475	2.3624	0.7751	0.9085	1.1074	1.1	0.6609	0.6854	1.28	1.2564	0.5431	0.3707	0.9151	0.4967	0.5918	0.6195	1.3471	0.2191	0.7372	1.145	2.0445	0.9813	1.2529	1.2647	0.7231	0.4745	0.3913	0.3328	0.7954	0.696	0.7044	1.6864	0.4259	0.419	1.7331	2.3468	1.2244	1.7745	1.356	1.6598	1.5069	1.3881	0.445	1.5132	0.3855	1.2355	0.7001	1.1773	0.4925	1.5745	1.4453	0.5869	0.3913	0.7068	0.2215	0.8745	0.8257	0.2642	0.3062	0.6712	0.3747	0.191	0.6686	0.2193	0.1211	0.6307	1.1809	1.2701	1.6516	1.06	0.8994	1.218	1.4313	0.8078	0.3578	0.8098	0.6331	1.5491	0.9497	0.8956	1.5571	0.3257	1.1777	1.3732	0.475	1.8672	0.369	0.8533	0.8712	0.5095	0.6116	1.1832	0.7687	0.5711	0.9618	1.4499	0.7003	0.6438	1.3392	0.6529	2.1269	0.2364	0.7845	1.2664	0.5043	0.5673	0.6075	1.4078	1.11	0.9653	0.2781	0.5208	0.9419	0.7941	0.9989	1.1536	0.5726	0.6398	0.7215	0.8688	1.7889	1.5986	1.4256	1.8453	1.2961	1.8216	0.6612	0.6265	0.1252	0.3701	0.1206	1.8163	0.7762	1.098	1.4968	0.2027	2.8243	2.0581	2.8261	0.7623	0.6178	0.3247	0.7243	0.4642	1.5712	1.29	1.5281	0.6301	1.8613	0.4625	3.1467	0.5264	0.898	0.6439	0.6123	1.2307	0.6557	2.8555	1.2077	1.8328	1.2422	0.7234	0.8267	0.3008	1.0118	2.1507	0.4561	0.474	0.6834	0.4566	0.9038	1.4316	1.5403	1.2387	1.3819	1.4472	0.5562	0.8789	0.5281	0.2454	0.5079	0.8546	0.3085	1.5309	0.8761	2.0685	1.1036	0.6056	0.7523	1.2562	0.9104	1.1322	0.6485	1.0434	0.3334	0.6282	1.9045	1.7953	1.0585	1.2175	1.2525	1.2508	0.096	0.7375	0.3718	1.4616	0.3676	1.1061	0.4622	0.8019	0.5439	1.6093	1.6761	1.4739	0.9921	0.3533	0.2702	1.2541	1.3124	1.2325	1.218	1.2846	0.735	1.6047	0.2399	1.0145	0.8439	0.6005	0.0637	1.0816	2.0937	5.4525	0.8975	0.5424	1.7164	1.3784	0.5458	1.299	0.3037	1.2805	0.6937	1.3166	0.8879	0.3892	0.98	0.7681	0.6435	0.9622	0.4882	0.7558	0.845	0.5551	1.3123	0.4787	1.7113	1.1431	0.6117	0.6316	1.0848	0.1312	0.7472	0.9052	0.9905	0.973	1.0308	0.05448	0.9215	1.1127	1.0366	0.8038	0.2366	1.0651	0.8242	2.4923	1.5173	0.1748	1.0808	0.3888	0.3026	0.05104	1.3765	0.5299	0.4967	1.2327	0.6619	0.1195	0.5932	0.2489	0.29	0.1588	0.6411	1.0356	2.1103	0.8821	0.6742	0.7171	0.6888	0.8429	0.5697	1.4035	2.5062	0	0.6555	0.9572	0.2963	0.8046	0.5648	0.2381	0.482	0.4459	1.1174	0.2215	0.3697	0.6268	1.9616	1.3363	0.3664	0.647	0.2957	0.4505	0.408	0.6359	1.1328	0.5543	1.5483	0.8821	0.92	0.6624	0.2396	0.9898	0.2996	1.0263	0.3131	0.4683	1.3379	0.7177	1.0698	0.2032	0.4719	0.7962	1.3047	0.6471	1.8524	2.3504	2.1163	0.7289	1.49	1.0095	1.5668	0.5498	0.7652	1.4397	0.9636	1.0754	0.3967	0.576	2.4769	1.5244	0.5467	0.5718	0.396	0.7474	1.6445	1.1864	1.636	1.5633	0.339	0.6534	0.1669	0.6211	0.6991	1.6466	1.0196	0.2845	0.7715	0.986	0.7739	1.2916	0.7958	0.8186	2.867	0.3053	1.0972	0.3967	1.0815	0.3549	0.2176	1.0832	0.272	0.8121	1.0249	0.1613	1.3126	1.9076	1.5187	1.2434	0.9148	0.08662	0.1683	0.8459	0.1423	0.8432	0.653	1.0356	0.8337	0.6138	0.9111	1.5286	2.145	1.0755	1.1861	0.464	1.8003	0.4728	0.4691	0.007705	1.8327	0.8521	0.6665	1.6287	1.5784	0.7009	0.4487	1.1019	0.8313	0.4795	0.09438	1.1542	1.7314	1.4124	0.6974	0.712	0.8411	0.477	0.7747	0.3173	0.7377	0.008233	0.3319	0.9444	0.9487	1.1723	0.2933	1.1025	0.6291	1.1986	1.1354	1.7524	0.6228	0.8432	1.1268	CCLE
9	10127622	0.1247	2.8096	1.3092	0.5872	1.1495	2.5412	0.6281	0.3118	2.4031	1.5453	0.1191	0.2375	0.117	1.8154	1.548	2.5348	3.2996	1.8637	1.3769	0.6881	1.2336	1.6147	0.6207	2.1312	0.09979	1.531	2.518	1.4573	0.3552	0.1769	0.05747	0.113	0.01832	0.1287	0.2601	1.9699	1.6091	1.8523	1.5726	1.2769	1.2348	2.3452	0.149	1.7048	1.6146	2.3689	1.5986	0.06316	1.5237	0.103	2.0146	0.7278	5.5723	0.5656	1.5946	4.1926	4.57	0.02962	1.7055	1.8733	3.3142	0.3814	2.4876	1.1293	0.02408	0.07562	0.1949	0.3316	3.1418	1.4402	1.0097	1.1426	0.7486	0.1338	0.2239	0.864	3.5067	0	0.003172	2.6304	1.1417	0.0802	0.8452	0.3168	3.654	0.2629	1.9236	0.5129	3.2726	2.4745	1.0491	1.8458	2.7378	1.9268	0.06311	0.2266	0.6831	0.06857	1.3028	0.6094	0.02837	0.2219	0.5534	0.2843	0.2773	0.4582	0.6753	0	1.4084	1.6198	0.9032	0.7347	0.1997	0.7028	3.7803	1.2257	0.1545	0	1.9489	0.6149	2.7557	1.4415	3.233	1.0471	2.2178	1.3455	0.07603	0.03026	0.3154	0.6032	1.026	3.0232	0.9399	0.08234	0.8535	0.3451	1.1747	2.9909	0.4484	0.3858	2.1314	2.0653	0.4344	1.0543	0.2979	0.4306	1.5491	0.5233	0.3088	1.5266	2.7227	0.6889	1.3702	0.4916	2.825	2.5274	2.5552	0.0567	1.8734	1.1711	0.7726	2.8194	4.148	1.5451	1.4631	0.1214	1.6739	2.1476	4.2205	0.1423	3.6362	0.575	0.6622	4.5529	0.192	3.8036	1.2402	0.4444	0.2557	0.8117	0.3716	0.9964	1.1148	0	1.5053	1.2776	0.6264	0.1476	0.1883	1.3179	1.273	3.1872	2.493	1.2031	0.7473	0.7856	4.2428	1.9695	1.938	3.1959	0.3826	0.4438	0.4287	1.3541	2.674	0.406	1.2196	2.0524	0.703	0.5113	1.1922	1.3018	0.708	0.7945	0.9356	1.1826	1.1768	1.062	5.0531	0.5918	0.602	2.2262	0.1945	1.0904	2.9897	3.3419	2.0402	1.0501	0.1921	0.08227	0.3191	3.1061	0.4508	1.2877	0.2195	0.6335	1.3876	1.3015	0.7485	0.4134	0.9039	0.5019	0.2497	1.1769	0.4429	2.4416	1.3771	1.76	4.2582	2.6515	2.0438	1.1293	0	4.9654	2.2122	0	0.7299	0.5816	0.6353	0.7065	0.3868	3.0278	0.8398	0	0.9323	1.2882	1.6161	3.391	0.4372	0.3584	0.5816	0.314	0.9563	0.2346	3.026	2.824	0.2098	0.3342	1.5757	0.00429	0.5792	0.2843	2.179	1.4634	2.892	0.1858	0.1261	1.2301	0.08808	0.4517	0.1612	1.0545	3.1961	1.3757	0.4363	2.526	0.486	0.5965	1.2459	2.263	1.2459	1.076	0.3713	0.5348	3.1254	1.2609	0.333	0.6057	0.7937	1.1445	0.08598	2.2654	1.3191	0.4696	1.9691	0.3972	1.0569	0.9725	0.5237	3.0122	0.6744	3.0327	0.3377	0.3521	0.4632	0.3049	2.8138	1.0566	1.2551	0.8245	1.3218	2.4814	0.5055	2.4557	1.6292	0.6252	0.1026	0.3785	0.3915	0.5544	0.1862	1.7299	3.9755	0.1913	1.7723	3.0029	1.5972	1.6916	3.634	0.09393	0.668	0.4868	5.9343	3.0387	0.7839	4.2032	1.541	0.9345	0.528	2.8866	0.4856	3.4602	0	0.3024	0.623	0.7329	0.3445	1.7805	3.4009	0.1024	3.4381	1.2338	1.4602	2.0182	1.4749	1.2008	0.2844	0.2601	1.5048	3.606	1.0042	1.7413	0.8398	2.4693	3.5502	0.2204	2.5031	0.04644	1.7254	1.0537		2.1173	2.2005	2.7961	1.1178	0.6701	1.6626	1.6026	2.5274	0.2236	0.5487	1.7235	0.494	1.6772	0.2737	0.466	0.6626	0.04748	0.2575	6.4934	1.7358	0.5556	0.833	0	2.6927	0.7745	1.2855	1.6815	1.4771	2.0305	1.7595	3.251	0.8945	2.9562	0.8823	1.3523	3.1582	1.5398	0.7211	1.8228	0.5364	0.334	1.1646	0.4836	1.7	1.9704	0.4998	1.4041	0.3714	0.2108	0.9279	1.3236	2.5823	0.9389	0.616	0.4243	1.7324	0.5246	1.5696	2.0782	1.0256	0.02767	0	1.669	0.9301	2.4436	0.9396	1.5884	2.9688	2.2851	4.7855	0.3181	3.5274	1.8812	0.3037	1.535	1.1293	0.6917	1.568	0.8136	0.01673	0	0.3205	2.7173	1.114	0.6396	2.5837	0.8854	0.6637	0.05558	0.09705	1.2785	3.1457	0.6276	0.1341	1.2003	0.4738	1.1403	2.9813	3.9363	0.9361	0.5331	0.6682	0.03365	1.3659	1.5979	2.9523	3.4457	2.07	4.1904	4.8064	0.8278	0.7315	0.04301	CCLE
10	10302451	1.6364	0.6198	1.9068	0.8491	1.2147	1.8525	2.1677	0.4241	1.1074	0.05208	1.186	0.2508	0.714	0.793	1.3531	0.3709	0.9057	0.4962	0.9435	1.2189	4.0457	0.3323	0.4755	0.6383	0.2328	2.1758	1.54	1.9092	0.2464	0.09784	0.05539	2.0535	1.181	0.8074	0.8363	1.5541	2.0615	0	0.7807	1.4118	1.8817	1.5346	0.6972	1.7728	0.2008	2.3703	1.5736	0.1606	1.7225	0.6927	1.8014	1.1383	2.3748	0.6352	0.6859	0.8254	0.4195	0.4243	0.05858	0.8386	0.1354	0.6744	0.4347	0.7688	0.2272	0.7234	0.6355	0.2739	1.475	1.4715	1.1993	0.3462	0.3061	1.4458	0.1621	1.391	0.7536	1.5087	0.2212	0.64	1.4942	1.2611	0.6374	1.3038	4.2714	0.6256	0.05565	1.8504	0.2391	1.9008	1.3435	1.7494	0.7462	0.983	1.4516	0.2102	1.0036	1.2041	1.1414	0.5236	0.1451	0.7487	2.0087	0.6725	0.6418	0.3754	1.8946	0.4595	0.9268	2.0485	1.6338	2.2272	2.3879	0.4591	1.1856	0.571	0.3899	2.8997	0.2996	0.9084	0.5385	2.1889	1.6659	1.6748	2.6185	1.5751	0.1751	0.04556	0.7863	0.5733	0.5329	0.3882	0.596	0.801	0.8571	0.7129	1.5	0.1051	1.3243	0.1945	1.8324	1.8783	0.07466	0.6296	0.4801	1.2891	0.3278	0.5674	1.6143	1.7904	1.7451	0.5852	1.0993	0.3408	0.1732	0.5327	0.7203	0.7791	0.1531	0.7165	1.657	0.3266	0.9439	0.7877	0.08281	0.5394	0.7185	2.4276	1.2907	0.3366	0.6652	1.3605	1.9254	1.59	1.7157	0.04946	0.8908	1.0161	0.734	0.321	1.6623	1.0493	1.4841	0.3986	0.6958	0.4457	1.733	0.5545	0.05758	0.6231	2.5246	1.5103	0.04896	1.1537	0.1212	0.5777	0.863	1.2213	1.8387	3.2752	0.4174	1.0054	0.499	0	0.4197	1.5831	0.01229	0.7628	1.6644	2.8096	0.3816	0.2465	0.1371	0.5543	0.6949	0	0.2138	1.0272	0.4784	0.4878	0.6351	0.3689	1.2097	0.4543	1.095	3.0717	2.0978	0.9075	1.8523	0.3552	1.6671	1.2127	1.2755	1.4272	0.348	1.1904	1.6009	0.3391	1.4398	0.2569	0.2975	0.2668	0.7022	0.9273	0.8153	1.2245	0.4225	0.9965	0.2772	0.9041	0.5512	1.1566	0.6911	0.1187	1.3304	0.09845	0.8336	0.03456	0.5788	1.7853	0.699	0.9781	0.6943	0.1335	1.016	1.79	2.3393	0.9185	0.02141	0.08418	0.7199	1.1319	2.3456	0.5506	3.6528	1.5617	0.05838	0.3153	0.5686	0.2625	0.2042	0.6568	0.4735	2.4599	2.5768	0.3816	0.3467	0.7174	1.2751	0	1.4315	0	1.4866	1.137	1.1726	0.9871	0.4326	0.4409	1.5767	1.3679	0.5944	0.2443	1.9891	0.5989	1.2167	1.4733	0.3515	1.9617	0.3243	0.8634	1.719	1.1919	0.4428	0.5187	1.094	0.4832	1.8416	1.8074	0.6582	0.7401	0.61	0.8178	1.7978	0.1918	0.9192	0.2167	2.0052	0.7626	0.528	1.0389	1.327	1.5032	3.9472	0.7506	0.7499	0.1118	0.7849	0.8378	1.452	0	0.5857	1.0985	1.2293	0.2285	2.0389	4.2576	2.2222	0.9751	2.712	0.5346	0.2386	0.4455	0.2234	1.1565	0.2737	0.3956	1.4609	1.5313	1.508	0.6145	0.6917	0.2935	0.4466	1.0565	1.6191	0.8493	1.9162	0.3353	0.07896	0.3172	1.669	0.9077	0.7926	1.4284	0.9396	3.3372	1.6719	1.7467	1.1932	1.4521	0.8084	1.2078	0.8137	0.1458	0.6628	0.0146	0.8706	0.00713	2.1467	0	0.06091	0.5643	0.6394	1.6957	0.8065	1.0333	1.0985	3.5666	0	1.2774	0.04244	1.6172	1.1035	1.3741	0.5959	0.4257	0.1302	0.4559	0.2412	3.1197	1.0497	0.1909	1.3996	0.4847	1.7353	1.0395	0	1.0581	1.7584	0.514	0.1274	0	0.3513	0.2502	2.5709	1.6679	0.3985	0.4317	1.5357	1.3394	1.0388	1.1181	1.0556	0.4442	0.943	0.6094	1.0306	0.6213	0.04521	0.6314	0.6638	1.326	1.1897	1.9154	0.3333	0.4912	3.6068	1.7767	1.196	1.011	0	0.5452	0.2863	1.3076	0.5077	2.5102	0.6893	1.3081	1.1138	0.1153	1.6492	1.5267	0.09312	0.23	0.3648	1.5531	0.03668	0.5592	1.0293	1.4143	0.02867	0.08578	1.9288	2.4415	1.0441	0.5912	2.941	1.9496	1.3929	0.002277	1.8421	1.6485	1.3733	0.8178	0.1566	1.3457	0.03487	0.5793	0.3102	1.0493	0.6199	0.706	1.4598	1.4463	1.8178	0.04944	1.2506	0	0.8811	0.5142	2.4621	1.6499	1.1688	0	CCLE
11	11476171	0.7124	1.6723	1.1852	0.9948	1.5436	1.7665	1.4376	0.5954	1.2929	0.3189	1.5025	0.3615	0.5525	1.0006	0.6375	0.6674	1.4484	1.6406	1.599	0.6207	1.8822	2.8999	0.3505	1.3966	0.7651	2.3462	1.3166	0.3316	0.898	1.5611	0.3433	0.8428	0.5273	0.7015	1.0007	0.7268	1.3449	0.8161	1.5387	1.1466	2.0875	0.9409	1.2703	1.3703	0.1548	0.561	1.511	0.4276	1.657	0.6584	0.7503	0.8222	2.0767	0.6551	1.7816	1.3266	1.5025	2.0584	0.7073	1.0687	0.9348	1.6792	1.4813	0.4341	0.7416	0.7664	0.5949	0.7917	0.868	1.2612	0.3942	0.3032	2.3798	2.0396	1.0079	0.9597	1.0623	1.0303	0.1471	1.2742	0.5889	0.7541	1.1699	0.2644	1.1647	0.6604	0.366	1.5524	3.0325	0.5665	0.9502	2.1301	1.7872	2.2898	0.4365	0.4895	0.8205	0.7879	1.3274	0.5457	1.0288	0.5312	1.0074	0.4519	0.4855	0.2086	0.7086	0.4023	1.1557	1.0001	0.8125	0.5445	0.8118	0.9276	0.6342	0.6154	0.3367	0.8091	0.5664	1.1814	1.389	1.0021	0.2402	0.8549	1.3248	0.8731	0.1955	0.1996	0.8225	0.7872	1.5664	1.529	0.5856	1.0097	0.975	0.454	0.8423	1.0301	1.1052	0.5479	1.5511	1.3463	0.1625	0.969	0.2538	0.7117	0.9336	1.4926	0.6611	0.845	0.3245	0.5775	1.595	0.6128	0.2207	0.07816	0.919	0.1172	0.6785	1.5118	0.9099	0.8903	1.8932	0.472	0.3628	1.4368	0.5173	2.0752	1.68	1.0362	1.4834	0.7806	0.3161	1.8968	1.434	0.9805	0.6813	1.0009	0.8105	0.5417	0.6633	0.6781	1.2766	0.05775	1.6698	1.2322	1.549	0.4333	0.2846	1.4305	1.2993	1.0059	1.4618	0.4127	0.2968	1.432	2.9271	1.5103	1.5452	0.8817	1.5188	0.6478	0.7389	0.7337	3.717	0.5976	0.3949	1.8889	1.1574	0.8069	3.2272	2.4135	2.0005	2.91	1.268	0.8646	0.5156	1.2942	0.8602	0.3122	0.6898	1.5709	0.4973	1.0599	2.2083	0.3537	1.4503	1.5614	1.627	0.4188	1.2614	0.9594	1.0965	0.5514	1.3086	0.8652	2.1382	1.0032	2.9187	0.5807	0.6989	0.6313	1.4906	1.2309	0.3336	0.4342	2.8798	0.8263	1.3972	2.5798	1.5767	1.9451	0.5874	1.5363	2.379	0.2977	0.913	1.7882	0.7972	0.8511	0.5793	1.3564	1.1129	1.1017	1.9311	1.2566	0.5139	1.3099	0.2815	0.3319	0.5249	0.9253	0.7763	1.392	2.06	1.4882	0.5617	0.7745	0.5995	1.2515	0.3176	0.2712	2.4006	1.5338	2.5881	0.4603	1.0837	0.5041	0.798	0.5824	0.7336	0.6452	1.2383	0.645	1.8219	0.9139	0.5229	1.0647	1.3221	1.463	0.3412	1.078	0.4436	0.8597	1.0145	1.1923	0.8491	0.7496	1.1488	0.4367	0.747	0.4139	0.2859	1.0222	0.6894	1.4571	0.9753	1.5696	0.4646	0.7475	1.4213	1.71	0.9193	0.4366	0.7983	0.6322	0.8707	1.3268	0.5609	0.7924	1.0399	1.1076	1.4275	1.0482	1.1125	1.0809	0.535	0.6383	0.3716	0.7852	1.0875	1.3035	1.5524	1.3572	0.8738	1.2927	0.9727	1.0673	1.0295	0.3713	0.3778	0.394	1.1281	2.3013	0.00972	0.5085	1.3307	0.887	0.6896	0.2968	0.9333	0.8462	0.3216	0.6409	1.0259	0.4298	0.508	1.1795	0.7637	0.6726	1.5713	0.6478	0.7045	1.0935	1.3212	1.5768	0.4745	0.7562	0.6571	1.175	0.8059	0.7401	0.6843	0.5187	1.5339	0.4082	1.6448	0.8788	1.5338	0.675	0.4693	0.3677	0.8444	1.2066	0.9825	1.8775	2.1877	1.0211	0.329	1.8071	0.6521	1.0551		1.2564	0.9526	0.9258	0.6293	0.4969	0.1697	2.8203	2.8915	1.8406	1.5288	0.7471	1.1108	1.9883	0.8338	1.8429	1.1	1.1943	0.2356	0.4842	0.9608	1.3453	1.921	1.0993	1.1907	1.5323	1.9651	2.0128	2.7443	0.5344	0.497	0.8653	0.6863	0.9688	1.0149	0.5915	0.1276	0.8843	1.4655	0.8231	0.9415	1.0544	0.7582	1.0192	1.7337	1.1025	1.6451	0.9113	0.1908	0.8588	0.09182	1.2973	0.7213	1.4761	1.3222	1.0457	1.9928	1.4152	2.1955	0.4121	1.4577	1.1134	0.3003	0.7722	0.181	0.924	1.1858	1.137	0.425	0.1999	1.7103	1.4669	0.8829	0.4191	1.4793	1.0772	1.0587	0.6413	0.4272	0.4566	1.7747	1.0867	0.5336	1.5148	0.3154	0.8519	0.5798	0.868	0.3992	0.065	1.2253	2.4276	1.31	0.1716	0.7741	0.408	1.2364	1.6441	2.3048	0.5376	1.2285	0.1118	CCLE
12	11503417	0.251	0.4906	1.3794	0.2789	0.0185	1.4433	0.642	0.005701	1.1528	0.06463	4.983	0.09733	0.3017	1.1989	0.6914	0.3406	0.09724	0.2759	1.0647	0.4928	1.1325	0.5586	0.7078	0.4818	0.7937	0.957	1.0364	0.2428	0.4923	0.1382	0.07161	0.3218	0.4948	0.1639	1.6262	2.374	0.5307	0.4908	1.3568	0.3552	1.1054	0.3061	0.7028	1.9431	0.06953	0.5201	1.0712	0.7152	0.3136	0.07697	0.7254	0.4602	2.0844	0.06319	0.4466	0.966	0.6715	0.1362	0.7984	0.5952	0.1373	0.3027	2.4895	0.2072	0.2085	0.2282	0.3845	0.6428	0.4507	0.9751	0.8633	0.1664	1.3367	0.3809	0.5408	0.2907	4.2899	1.0942	0.591	0.892	0.2116	2.7017	0.6449	0.2594	1.0611	0	1.155	4.4022	1.2007	0.5883	0.4887	0.1906	0.5463	0.7225	0.3804	0.5262	0.1936	0.7082	2.3182	0.4723	0.3925	0.6135	0.4284	0.2157	0.3543	0.2256	1.2891	0.037	1.6691	0.7285	0.5034	0	0.2142	2.3407	0.3968	0.426	0.3811	0.4814	0.1936	1.1051	0.4014	0.8306	0.5978	0.7562	0.6257	0.2743	0.8957	0.1996	0.7948	0.5083	0.2849	0.7298	0.04267	0.151	0.6424	0.1931	0.7126	0.09633	0.4205	0.5549	1.2394	1.1707	0.149	1.8489	0.5308	0.3543	0.8372	1.5302	0.2796	0.7589	0.006976	0.4266	0.3792	0.7315	0.3202	1.3325	3.0047	0.2136	0.9264	0.358	0.5259	0.4271	0.1759	0.9452	0.4118	0.04504	0.6851	1.409	2.1283	0.5557	0.4557	0.8244	0.06797	1.4143	0.3256	0.1968	1.8825	0.1007	0.2477	0.8301	0.286	1.1443	0.1843	0.0335	0.9234	1.1132	2.5589	0.5591	0.1574	0.1648	0.878	1.2389	0.2338	0.7127	0.6597	0.456	1.0111	0.931	0.7099	1.2877	0.3899	0.4415	0.1127	0.7313	0.3238	0.7563	0.7617	0.3667	0.1215	0.4269	0.9629	0.2931	0.3087	0.4994	1.0396	1.8433	0.9201	0.5032	1.1233	0.1637	0.3655	0.04091	0.3274	0.1999	0.9537	0.9883	0.4443	5.445	0.7395	0.6142	0.6691	0.6556	0.4363	0.3005	0.7552	0.672	0.5985	0.3253	3.4205	1.1121	0.3358	0.5048	1.2075	0.2781	0.9006	0.6136	0.3876	0.4231	1.1581	0.3439	0.7001	0.9741	2.7952	0.9947	0.4417	0.2117	0.3144	0.2945	1.1144	0.4308	0.6508	0.3143	0.5103	0.3383	0.8595	0.3931	0.1807	0.4954	0.4167	1.0106	0.1119	1.0266	0.8158	0.1322	0.9377	0.3787	0.4018	0.2184	0.7376	0.4106	0.5672	0.326	0.5257	1.8489	0.9584	0.7722	0.439	0.8363	0.1353	0	1.0831	1.0691	1.249	0.7641	1.3409	0.2866	0.1114	0.36	1.4092	0.3017	0.7831	1.6655	0.366	0.5105	1.3635	0.8193	1.0089	1.6718	0.269	0.4629	0.3543	0.9189	0.339	0.2285	0.2909	0.296	0.3874	0.2806	0.5216	0.1451	1.6828	0.9173	0.1053	0.5285	0.3097	0.04654	0.692	2.0322	1.4321	0.8521	0.2459	0.08901	0.2523	0.7728	0.12	0.2832	0.6113	0.5374	0.6297	0.5809	0.5897	0.2611	1.2307	0.5784	0.6739	1.8245	0.2826	0.6979	0.09055	0.2431	0.3866	0.3257	0.02479	0.6852	1.0871	0.501	2.2086	1.6295	0.2671	0.4631	0	0.727	2.0923	0.07678	1.05	0.4272	0.1956	0.5791	0.6745	0.9634	0.2337	2.2368	0.3004	0	0.6972	0.8567	0.1617	0.5354	0.2971	0.2142	0.1425	0.3427	0.4128	0.3796	0.7079	0.0443	0.6438	1.5628	0.1773	0.3965		0.201	0.2353	0.1315	0.5193	0.8364	0.3585	1.7115	0.1933	0.3765	0.3379	1.2494	1.593	1.1435	0.2755	0.2531	0	0.8402	0.4285	1.1165	0.6322	0.1852	0.6123	0.2658	0.466	0.3386	0.3588	2.3205	1.6585	0.795	1.3409	0.01642	0.9024	1.3178	2.5655	0.5493	0.5947	0.2685	0.7765	0.6466	0.9145	2.6683	0.4892	0.4422	0.2302	0.1107	0.8547	1.5732	0.7057	0.4588	2.3149	1.2177	2.5734	3.2487	0.9071	0.186	1.8018	1.2349	1.3083	0.2473	3.1432	0.5272	0.02371	1.2443	0.3225	0.4361	0.517	0.1944	1.6262	0.07069	0.4682	0.8646	0.06866	0.9118	0.5001	0.6445	1.1762	0.9794	0.3676	0.2173	0.1439	0.2682	0.7138	1.8206	0.533	0.7896	1.0236	0.4993	0.9819	0.02943	0.1064	0.9197	2.0894	1.2606	0.8719	0.3309	0.2053	0.2883	0.2906	0.913	0.1302	0.5511	1.2026	1.3674	0.3024	1.8514	0.8199	0.1912	1.8878	0.1151	1.3679	0.5146	1.0596	0.2425	CCLE
13	11656518	1.0814	0.8884		1.6212	1.2339	3.4219	2.1399	1.4951	2.2858	1.9139		1.3704	2.2706	0.9206	1.4631	2.0551	2.2543	1.4266	1.9556	2.388	2.4329	1.805	1.095	1.5547	1.5268	2.1786	2.1509	0.6449	0.6164	0.6317	0.8231	1.2478	0.9371	0.6517	2.1067		1.1062	1.1826	1.1223	1.5667		1.0867	1.7244	2.3477	1.5971	0.8645		0.8191	0.8736	0.7917	0.7362	2.3918	1.0626	1.6558	2.7366	2.4944	2.1484	2.8689	1.6429	1.3644	2.4244	1.9941		0.9254	1.2001	0.848	1.4015	0.9778	2.5702	2.3549	0.6876	1.3524	1.6543	2.2879	1.9122	2.4128		1.5524	0.4712	1.6179	0.8661	1.4292	1.9322	2.0174	2.7795	0.5043	1.8373		3.882	1.672	1.4073	1.4192	2.7873	2.3576	1.6359		2.6337	0.5924	2.8929		1.553	1.283	1.0915	1.4272	1.0923	0.5931		0.2124	1.6292	2.0956	1.2052	1.1716	1.8457	1.5482	0.5951	0.7232	0.1753		2.0303	2.4916		2.0498	2.8886	1.6598	1.62	2.0805	2.5085	2.0355	1.5241	0.9991	1.377	1.58	2.2513	1.6065	1.0966	0.8976	1.3733	0.4812	2.3833	1.3312	1.6427	0.9446	0.8349	1.4222	1.2571	1.1058	1.2493	1.433	1.6582	2.2018	1.8703	2.4224	1.1536	2.7976	0.6888	1.0122	2.182	0.6273	1.7451	1.8252	2.1599	2.8681	2.0208	1.7105	1.6195	1.0498	0.9198	2.2658	1.7692	2.2068	2.0066	1.7809	1.889	1.4441	1.7529	3.249		1.468	3.3988	0.6166	1.0566	0.9857	1.0799	0.3966		1.0853	1.1065		0.5594	2.4805	3.086	4.4472	2.2205	2.2201	1.0229	2.5356	1.2707	2.2936		2.4167	1.2418	2.7114		2.8447	1.0632	1.1131	1.3711	1.0642	1.3821	1.4841	2.4387	2.193	0.6449	1.1614	1.378	1.4383	0.5655	1.6155	3.1142	0.8604	0.9599	0.894	1.4921	1.5502	1.9702	2.0601	1.5177			0.8829		1.0124	0.822			1.0794		2.1702	3.0544	2.5285	0.9703	1.366	1.8471	1.5223	1.3319	1.3366	1.0413	0.8473	1.4663	2.0386	2.4714	1.674	1.6799	2.8473	1.4788	0.0784	0.9551	0.01511	1.9967	0.8396	1.4923	1.8795	1.4521	1.3141	1.9761	2.5952	2.2312	2.1681	1.1019	0.9187	1.5917	1.9443		0.9168	3.2481	1.3487	2.1272	0.8468	2.3323	1.438	1.1364	0.3428	1.4718	3.5251	3.289		1.4205	2.1076	1.8268	0.6779		0.4474	2.203	1.5553	1.632	2.1873	1.3576	0.9544	2.3001	1.2461	0.665	2.1058	1.2499	0.919	1.8098	1.9118	1.1519		1.9411	1.0381	1.5432	2.7444	0.3902	1.6132	1.5606	0.8588	2.3273	2.517	0.981	1.5063	1.3993	2.0903	1.4324	0.1744	1.6848	1.3318	3.5476	2.016	0.9508	2.2147	1.0461	1.2485	0.828	1.9399	0.9033	0.9633	1.3047	1.1235	0.23	1.4552	0.6757	0.4526	0.9015	0.6182	1.8996	2.5185	2.0829	1.7195	0.6769	1.5412	1.3615	1.2236	1.8252	1.8725	0.7123	1.3903	1.8998	1.5374	1.8703	1.4977	0.09803	1.9905	1.3031	1.7808	1.5302	0.7466	2.134	2.289	3.1639	0.01284	0.9657	2.1313	0.688	0.7633			1.2956	3.2177	1.8609	1.7126	1.4062	0.4156	2.0258			0.5103	1.5202		0.4918	1.7063	0.4206	0.9769	1.7043	2.0185	1.3954	1.9536	0.9746	1.4049	1.518	1.8359	0.5404	1.258	1.4881	1.5306	1.8753	1.337	1.4917	1.0873	0.4491	3.8609	2.1238	1.2862	1.1671	1.4072	1.0695	2.7301	2.3493		2.0361	1.1696	1.6529	1.63	0.9376	3.0013		2.9091		0.6933	0.6303	1.5365	1.9759	1.9759	2.4101	2.3484	0.837	1.8226		1.397	0.6721	0.8266	1.972	0.8695	0.6327		1.1501	0.838	1.5231	1.4077	1.7772	1.8839	0.5358	0.2498	1.2931	1.3744	1.5052	1.7389		1.7576	0.7067	1.3007	1.1192	1.8535	1.2912	0.5686	0.6137	2.9719	1.5229	1.4747	0.8543	1.4113	0.2494	0.7076					2.4682	1.3055	0.67	0.09724	1.6093	3.3561	3.237	1.3677	1.1127	1.249	1.4162	1.2268	1.2821	2.0133	0.7273	0.4746	0.4546	0.4277	1.7293	0.5653	2.7048	1.965	2.3233	2.9728	3.6745		0.5897	1.5955	CCLE
14	16038120	1.3531	1.3712	1.7799	1.1746	1.3417	3.2246	0.7222	0.5023	1.5978	0.6554	1.5204	1.4006	1.2913	0.8825	0.7365	1.9146	1.8735	1.3264	1.734	0.9626	2.8218	3.1165	0.2236	1.4991	0.1526	2.4489	1.6747	0.175	0.6489	1.9905	0.4967	0.6416	0.7985	0.3988	0.7964	1.6433	1.4705	0.6679	1.0644	0.729	2.8724	0.5994	1.4006	0.9655	0.8478	1.1636	2.1373	0.1146	2.4551	1.0183	1.8427	1.4133	2.3225	1.1676	3.3446	2.0928	2.9966	2.7318	1.4639	1.4769	0.853	1.6411	1.3744	0.1953	0.6334	1.4239	1.1179	0.7283	1.4749	5.9893	0.5406	0.4276	1.8487	1.9472	0.856	1.4144	1.0057	0.408	0.1913	1.6407	0.4804	1.2299	1.7014	0.4506	2.3065	0.698	0.1766	1.9378	3.0508	0.9511	1.3489	1.5291	1.2092	2.1525	0.6709	0.1636	1.6221	1.487	2.0993	1.8359	1.7138	0.6572	2.4579	1.8596	1.0078	0.4494	0.4094	0	1.3415	1.8193	0.5027	0.9348	1.5185	1.0325	0.8885	0.9657	0.8875	1.5033	1.092	0.9206	1.4183	1.7956	1.695	0.614	1.0383	0.8138	0.4049	1.0285	1.1543	0.6456	2.3426	1.5851	0.8663	2.0106	1.496	0.8922	0.8174	1.1591	1.707	0.6085	1.966	1.1629	0.8478	0.9395	0.7075	1.7276	0.9149	1.2524	2.1115	0.8022	1.623	1.7415	2.5434	1.7504	0.2688	0.2371	0.8553	0.1918	0.5672	1.032	1.6853	1.1289	2.1444	2.4755	0.7162	1.3823	0.1825	2.8087	1.8444	0.4315	1.4119	0.8205	0.568	0.4255	2.4557	0.4449	1.4667	1.6908	1.1692	0.3088	0.3419	0.4165	0.868	0.03916	2.3994	0.7772	1.3722	1.377	0	2.6435	2.2342	2.3725	0.8642	1.3825	3.0368	1.9474	2.6193	1.0007	2.1776	2.1484	1.1325	1.5231	1.6594	2.5558	4.532	0.3371	0.3795	2.7704	0.8743	1.8094	3.1159	1.8171	2.8381	3.5637	1.4364	0.8137	0.127	1.3852	1.7366	0.9916	1.0817	1.6607	1.3057	1.1314	2.6934	0	3.0662	1.0759	0.808	0.4303	1.0755	1.2814	1.2969	0.5987	0.5215	1.0372	1.3801	0.8375	3.8758	0.7929	0.3709	0.8001	1.3576	1.6332	1.7266	1.1578	2.6661	1.0933	1.4321	2.7267	1.7623	1.7285	1.5886	1.2676	1.7622	0.1041	1.0451	1.5781	1.1916	0.2732	0.2655	2.255	1.8553	1.0628	1.4916	1.8072	0.1	1.4747	0.6457	0.8891	0.6407	0.7959	0.5841	2.2176	3.4513	2.0974	1.8164	0.8332	0.5641	0.41	2.3151	0.1734	2.9462	1.5482	4.6298	0.5558	1.9641	1.6265	1.9009	0	1.5621	0.3275	1.9109	1.3743	2.2016	2.1361	0.2048	1.2603	1.6053	1.1256	0.6507	1.1125	0.8811	0.7857	1.7936	1.4694	0.1368	1.7164	1.6733	0.3799	1.7076	0.8856	0.1488	1.3584	1.2731	1.0811	0.8499	1.5411	2.1719	1.1913	1.3403	1.8716	1.5386	0.4014	4.0317	0.7534	3.3459	1.688	0.3241	1.2638	1.4364	0.573	2.8646	1.5223	1.205	0.8719	0.8424	1.397	0.1524	0.5029	0.8723	1.3735	1.389	1.318	1.8145	2.6798	2.0012	1.003	0.3712	0.1058	0.09859	0.01591	2.1811	2.9182	0.1327	1.467	1.5289	1.8779	0.8336	0.3495	0.9299	2.2049	1.1837	0.7201	1.112	0.666	0.7926	2.3245	1.5481	0.04795	1.1405	0.9404	1.5515	0.773	1.4907	1.7777	0.9641	1.406	0.8173	1.4209	1.2743	1.3872	0.5653	0.8693	1.2875	0.1373	1.4087	1.1366	0.9959	0.873	0.07675	0.3406	1.6675	1.0425	1.0404	2.4255	2.9431	2.2436	0.3535	1.6125	0.6623	1.2242	0.9235	0.4782	1.3627	1.0372	1.1136	0.6445	0.5531	3.3125	2.6995	2.2681	1.2566	0.0109	2.2025	2.3471	0.4886	1.7813	1.8224	1.0744	0.8386	0.267	1.0295	0.8215	2.4285	0.92	1.356	2.2338	1.5215	2.8196	3.3946	0.7187	0.5714	3.0305	1.0013	1.4561	0.8824	1.9352	0.2347	0.3874	0.914	1.3696	1.147	0.7909	0.2885	1.2132	2.3917	1.2094	1.7707	0.9789	4.0199	0.6526	0.5267	0.818	1.8519	1.3905	1.4503	1.7119	2.2255	0.995	3.1949	1.35	1.9704	1.36	0.4458	1.8013	0.07138	0.3381	2.3855	1.2075	0.5449	0.9076	1.9404	0.8225	1.3627	0.2672	2.1155	1.8908	1.8601	0	1.4665	1.3244	2.1649	1.0603	1.1033	1.324	0.5188	0.5798	0.4377	1.354	0.6884	0.2892	1.9492	1.284	1.457	0.07927	1.0123	0.4785	0.9968	0.6657	3.2014	0.7847	0.6762	0.3207	CCLE
15	24180719	0.264	0.9326	1.4854	0.5155	0.07659	1.5218	0.338		2.0835	0.403	0.2288	0.01494	0.05216	0.7129	0.1243	0.3847	2.9645	0	0.7895	0.3817	1.0265	0.4187	0.3717	0.2848	0.6038	0.6054	1.2235	0.2138	0.1107	0.1444	0.005313	0.6149	0	0.1735	0.4886	0.8857	0.4087	1.2483	0.4982	0.4033	0.5977	0	0.359	0.2709	0	0.003985	1.0378	0.07136	0.3741	0.06697	0.2626	0.3171	0.3921	0.1793	0.8152	2.6493	3.1984	0.2642	0.2441	0.4074	2.2166	0.2444	1.3751	0.3126	0	0.5288	0.1145	0.2072	1.8659	1.2475	0.1153	0	0.06617	1.3751	0.4118	0.2992	0.09542	0.1546	0.1945	0.07623	0	0	0.2946		1.0564	0	0.8935	0.8378	0.3779	0.2541	0.6619	0.1328	1.8445	0.5567	0.1487	0.154	0.845	0	1.5137	0.6865	0.2242	0.06015	0.1942	0.6343	0.1449	0.1792	0.3832	0.01235	0.5192	0.2989	0.02614	0.7655	0.08633	0.5668	0	0.05906	0.2376	0.3699	0.171	0.1654	0.7874	0.3534	0	0.2945	0.3746	0.1457	0.215	0.1145	0.9701	0.09693	0.2675	1.1158		0.2173	0.1086	0.3563	0.5801	0.07445	0.4418	0.1291	0.8802	0.2772	0.1002	0.6301	0.3128	0.1648	0.752	0.2016	0.3302	0.2152	0.09305	0.186	0.1203	1.198	0.5499	1.2778	0.7113	0.2626	0.07934	0	0.5576	2.267	1.6266	0	0.2696	0.09978	0.1687	0	0.109	0.3496	2.2723	0.187		1.0346	0.9383	0.5122	0.6903	0.04503	1.2888	0.05758	0.2102	0.7605	0.06765	0.05661	0.8328	0.6494	0.2998	0.5751	0	0.5902	1.4195	1.7807	1.433	0.615	0.1536	0	0.4897	0.6096	0.06695	0.3954	0	0.828	0.2889	0.6241	0.2295	0.3276	0	0.1556	0.2211	0.5086	0.5022	0.4044	0.02725	1.258	0.5032	0.01322	0.2596	0.3015	0.6209	0.04909	0.3499		0.5426	0.1093	0.7281	0.1505	0.5705	0.1605	0.4187	0.1422	0.5049	0.8567	0.09375	0.3734	0.4983	0.2625	0.7607	0.3614	0.9127	0.6253	0.08837	0.08282		0.1665	1.1699	1.0243	0.3489	0.5484	2.1759	0.2252	0.6577	0.1109	0.1809	3.0335	0.7368	0.04864	0	0.5813	0.0486	0.3373	0.05878	1.7858	0.07696	0.1361	0.1516	0.7567	0.5659	2.9418	0.02023	0.1847	0.1392	0.3759	0	0.1757	0.9013	0.1083	0.6648	0.06624	0.0819	0.05401	0.3992	0.1972	0.333	1.8282	1.403	0	0.06749	0.8892	0.0554	0.06505	0.581	0.136	0.5758	0.3552	0.03845	0.5632	0.4231	0.03817	0.9667	0.547	0.01726	0.9942	0.3035	0.03442	0.2637	0.1419	0.1221	0.9735	0.4574	0.02881	0.5941	0.1486	0.03804	0.06596	0.4112	0	0.2542	0.2665	0.6078	0.7931	0.2859	0.8008	0.01563	0.7171	0.1109	0	1.2174	1.1365	0.1747	0.7483	0.161	0.02021	0.1538	0.7734	0.1424	0.1837	0.07222	0	0.3382	0.03584	0.3142	0.1817	0.1485	0.2752	0.6974	1.7843	0.3427	0.8798	0	0.06317	0.04294	0.1927	0.9367	1.1923	0.06938	0.1104	0.2198	0.4093	0.396	0.1695	0.09389	0.1413	0	0.1871	0.7003	0.02867		0.5583	0.3729	0	0.1131	0.2345	0.09336	0.1674	0.2355	0.3088	0.1995	0.484	0.4061	0.6814	0.01353	0.2093	0.2036	0.07306	0.6036	0.121	0.1876	0.8706	0.5411	0.1812	0.482	0.1845	0.9622	0.228	0.54	0.2035	0.02544	0.3804	2.1201	0.2537	0.1305	0.2984	0.3717	0.2032	0.2292	0.2133	0.07781	0.1525	0.1171	5.2178	0.1373	0.1933	0	0.19	0.4569	1.0572	0.4923	0.7352	0.5841	1.0325	0.4425	0.0465	0.4061	2.0478	1.0515	0.3525	0.07928	0.0524	0.1446	0.2167	0.8964	0.3349	0.2797	0.6333	0.3584	0.1584	1.2764	0.7115	0.1018	0.3743	0.6943	0.05934	0.4886	0.5213	0.2061	0	1.988	1.3646	1.6986	0.2664	0.1102	0.3396	0.4742	0.5061	0.414	1.6968	0.4281	0.6876	0.1555	0.08871	0	0.632	0.09719	0.1303	0.01962	0.9257	0.1352	0.04939	0.5119	0.6113	0.04168	0.1503		1.5586	0.3786	0.06209	0.03409	0.4148	0.8197	0	0.05898	0.6667	0.1878	0.1161	0.09208	0.6723	0.02147	0.3454	2.0796	3.0249	0	0.2678	0.4482	0.01988	0.4771	0.691	1.9707	1.5993	1.3967	3.4382	3.138	0.241	0.5641	0.02117	CCLE
